{
    "1": [
        -0.00162495,
        -0.00155273,
        -0.0018416099999999998,
        -0.00166106,
        -0.00158884,
        -0.00198605,
        -0.0017332799999999998,
        -0.00162495,
        -0.00198605,
        -0.00133607,
        -0.00140829,
        -0.00155273,
        -0.00115552,
        -0.00126385,
        -0.00137218,
        -0.00119163,
        -0.00155273,
        -0.00158884,
        -0.00155273,
        -0.0027082499999999997,
        -0.00310546,
        -0.0025638099999999997
    ],
    "2": [
        -0.0009749699999999999,
        -0.0007222,
        -0.00032499,
        -0.00046942999999999996,
        -0.00025277,
        3.611e-05,
        -0.00032499,
        0.0,
        0.00010832999999999999,
        7.222e-05,
        0.00039721,
        0.00032499,
        0.00032499,
        0.00039721,
        0.00028888,
        0.00039721,
        0.00050554,
        0.00057776,
        0.00068609,
        0.00068609,
        0.00068609,
        0.0007222,
        0.00083053,
        0.00104719,
        0.0009388599999999999,
        0.00054165,
        0.00046942999999999996,
        -0.00158884,
        -0.00111941,
        3.611e-05,
        0.00101108
    ]
}