{
    "1": [
        -0.00162495,
        -0.00155273,
        -0.0018416099999999998,
        -0.00166106,
        -0.00158884,
        -0.00198605,
        -0.0017332799999999998,
        -0.00162495,
        -0.00198605,
        -0.00133607,
        -0.00140829,
        -0.00155273,
        -0.00115552,
        -0.00126385,
        -0.00137218,
        -0.00119163,
        -0.00155273,
        -0.00158884,
        -0.00155273,
        -0.0027082499999999997,
        -0.00310546,
        -0.0025638099999999997
    ],
    "2": [
        -0.0009749699999999999,
        -0.0007222,
        -0.00032499,
        -0.00046942999999999996,
        -0.00025277,
        3.611e-05,
        -0.00032499,
        0.0,
        0.00010832999999999999,
        7.222e-05,
        0.00039721,
        0.00032499,
        0.00032499,
        0.00039721,
        0.00028888,
        0.00039721,
        0.00050554,
        0.00057776,
        0.00068609,
        0.00068609,
        0.00068609,
        0.0007222,
        0.00083053,
        0.00104719,
        0.0009388599999999999,
        0.00054165,
        0.00046942999999999996,
        -0.00158884,
        -0.00111941,
        3.611e-05,
        0.00101108,
        0.0009388599999999999,
        0.00111941,
        0.00104719,
        0.00101108,
        0.00119163,
        0.00119163,
        0.00111941,
        0.00104719,
        0.0009749699999999999,
        0.0009027499999999999,
        0.0009027499999999999,
        0.00079442,
        0.0007222,
        0.00057776,
        0.00057776,
        0.00046942999999999996,
        0.00043331999999999995,
        0.00050554,
        0.00054165,
        0.00050554,
        0.00050554,
        0.00075831,
        0.00079442,
        0.00079442,
        0.00104719,
        0.00104719,
        0.00115552,
        0.00129996,
        0.00137218,
        0.00137218,
        0.00155273,
        0.00151662,
        0.00148051,
        0.00158884,
        0.00169717,
        0.0017332799999999998,
        0.00169717,
        0.0017332799999999998,
        0.0017693899999999998,
        0.0017693899999999998,
        0.0018777199999999998
    ],
    "3": [
        0.00317768,
        0.00404432,
        0.00400821,
        0.00379155,
        0.004694299999999999,
        0.00379155,
        0.0039359899999999995,
        0.00411654,
        0.0036832199999999996,
        0.00411654,
        0.00386377,
        0.00364711,
        0.00386377,
        0.0039359899999999995,
        0.0038998799999999997,
        0.00426098,
        0.00447764,
        0.00444153,
        0.00458597,
        0.00480263,
        0.00552483,
        0.0050554,
        0.00559705,
        0.00552483,
        0.0057053799999999995,
        0.00552483,
        0.004838739999999999,
        0.004983179999999999,
        0.0050554,
        0.00487485,
        0.00538039,
        0.00534428,
        0.00566927,
        0.0055609399999999995,
        0.00491096,
        0.005272059999999999,
        0.00566927,
        0.0054164999999999994,
        0.00559705,
        0.00574149,
        0.00545261,
        0.00538039,
        0.00530817,
        0.00534428,
        0.005272059999999999,
        0.00538039,
        0.00552483,
        0.005272059999999999,
        0.00530817,
        0.0050554,
        0.004983179999999999,
        0.00519984,
        0.00523595,
        0.00519984,
        0.00519984,
        0.004983179999999999,
        0.00487485,
        0.0050554,
        0.00487485,
        0.00523595,
        0.00559705,
        0.00552483,
        0.00621092
    ]
}